{"cameraMode":{"drawMode":0,"name":"Shaded","section":"Shading Mode"},"sceneLighting":true,"audioPlay":false,"sceneViewState":{"showFog":true,"showMaterialUpdate":false,"showSkybox":false,"showFlares":true,"showImageEffects":true,"showParticleSystems":true},"in2DMode":false,"pivot":{"x":5.014535903930664,"y":-7.198208808898926,"z":42.279441833496097},"rotation":{"x":-0.08942336589097977,"y":-0.10021841526031494,"z":0.009043993428349495,"w":-0.990897536277771},"size":62.26871109008789,"orthographic":false}