{"cameraMode":{"drawMode":0,"name":"Shaded","section":"Shading Mode"},"sceneLighting":true,"audioPlay":false,"sceneViewState":{"showFog":true,"showMaterialUpdate":false,"showSkybox":true,"showFlares":true,"showImageEffects":true,"showParticleSystems":true},"in2DMode":false,"pivot":{"x":10.838740348815918,"y":-18.6018009185791,"z":15.244871139526368},"rotation":{"x":-0.2996615171432495,"y":-0.13422101736068726,"z":0.042625006288290027,"w":-0.9435946941375732},"size":58.58028030395508,"orthographic":false}