{"cameraMode":{"drawMode":0,"name":"Shaded","section":"Shading Mode"},"sceneLighting":true,"audioPlay":false,"sceneViewState":{"showFog":false,"showMaterialUpdate":true,"showSkybox":true,"showFlares":true,"showImageEffects":true,"showParticleSystems":true},"in2DMode":false,"pivot":{"x":257.3836975097656,"y":-79.6719970703125,"z":20.73381805419922},"rotation":{"x":-0.4170213043689728,"y":-0.5729719996452332,"z":0.42332881689071658,"w":-0.5644369721412659},"size":242.20651245117188,"orthographic":false}