{"cameraMode":{"drawMode":0,"name":"Shaded","section":"Shading Mode"},"sceneLighting":true,"audioPlay":false,"sceneViewState":{"showFog":false,"showMaterialUpdate":true,"showSkybox":true,"showFlares":true,"showImageEffects":true,"showParticleSystems":true},"in2DMode":false,"pivot":{"x":-494.41900634765627,"y":-683.4049682617188,"z":1902.2296142578125},"rotation":{"x":-0.3614523112773895,"y":-0.6316422820091248,"z":0.4227488040924072,"w":-0.5400590896606445},"size":1035.7325439453125,"orthographic":false}