{"cameraMode":{"drawMode":0,"name":"Shaded","section":"Shading Mode"},"sceneLighting":true,"audioPlay":false,"sceneViewState":{"showFog":false,"showMaterialUpdate":true,"showSkybox":true,"showFlares":true,"showImageEffects":true,"showParticleSystems":true},"in2DMode":false,"pivot":{"x":58.702301025390628,"y":-716.96337890625,"z":1085.52734375},"rotation":{"x":0.4348773956298828,"y":0.5068128108978272,"z":-0.3304665684700012,"w":0.6669439673423767},"size":2924.531494140625,"orthographic":false}