{"cameraMode":{"drawMode":0,"name":"Shaded","section":"Shading Mode"},"sceneLighting":true,"audioPlay":false,"sceneViewState":{"showFog":false,"showMaterialUpdate":true,"showSkybox":true,"showFlares":true,"showImageEffects":true,"showParticleSystems":true},"in2DMode":false,"pivot":{"x":-237.371826171875,"y":-141.14212036132813,"z":471.75128173828127},"rotation":{"x":0.26811322569847109,"y":-0.3946506381034851,"z":0.12156537920236588,"w":0.8703953623771668},"size":1221.216552734375,"orthographic":false}