{"cameraMode":{"drawMode":0,"name":"Shaded","section":"Shading Mode"},"sceneLighting":true,"audioPlay":false,"sceneViewState":{"showFog":false,"showMaterialUpdate":true,"showSkybox":true,"showFlares":true,"showImageEffects":true,"showParticleSystems":true},"in2DMode":false,"pivot":{"x":315.8593444824219,"y":-62.37738037109375,"z":170.74411010742188},"rotation":{"x":-0.4170213043689728,"y":-0.5729719996452332,"z":0.42332881689071658,"w":-0.5644369721412659},"size":458.6786193847656,"orthographic":false}