{"cameraMode":{"drawMode":0,"name":"Shaded","section":"Shading Mode"},"sceneLighting":true,"audioPlay":false,"sceneViewState":{"showFog":false,"showMaterialUpdate":true,"showSkybox":true,"showFlares":true,"showImageEffects":true,"showParticleSystems":true},"in2DMode":false,"pivot":{"x":130.0593719482422,"y":-25.0386962890625,"z":185.24252319335938},"rotation":{"x":-0.4643853008747101,"y":-0.514454185962677,"z":0.3970608413219452,"w":-0.6016859412193298},"size":923.3541870117188,"orthographic":false}