{"cameraMode":{"drawMode":0,"name":"Shaded","section":"Shading Mode"},"sceneLighting":true,"audioPlay":false,"sceneViewState":{"showFog":false,"showMaterialUpdate":true,"showSkybox":true,"showFlares":true,"showImageEffects":true,"showParticleSystems":true},"in2DMode":false,"pivot":{"x":113.0279541015625,"y":-127.50567626953125,"z":778.3133544921875},"rotation":{"x":-0.4170213043689728,"y":-0.5729719996452332,"z":0.42332881689071658,"w":-0.5644369721412659},"size":1686.5242919921875,"orthographic":false}