{"cameraMode":{"drawMode":0,"name":"Shaded","section":"Shading Mode"},"sceneLighting":true,"audioPlay":false,"sceneViewState":{"showFog":false,"showMaterialUpdate":true,"showSkybox":true,"showFlares":true,"showImageEffects":true,"showParticleSystems":true},"in2DMode":false,"pivot":{"x":291.9495849609375,"y":-249.66943359375,"z":319.031494140625},"rotation":{"x":-0.3906117379665375,"y":-0.5923088192939758,"z":0.39771130681037905,"w":-0.5817374587059021},"size":932.2960205078125,"orthographic":false}